,Goals,HomeTeam,ShotsFor,ShotsAgainst,ShotsOnTargetFor,ShotsOnTargetAgainst,FoulsFor,FoulsAgainst,CornersFor,CornersAgainst,YellowsFor,YellowsAgainst,RedsFor,RedsAgainst
0,1,1,11,11,5,2,14,9,3,8,1,1,0,0
1,0,0,11,11,2,5,9,14,8,3,1,1,0,0
2,1,1,7,17,4,11,17,12,6,4,5,2,0,1
3,3,0,17,7,11,4,12,17,4,6,2,5,1,0
4,1,1,14,12,6,3,13,14,3,3,4,4,1,0
5,1,0,12,14,3,6,14,13,3,3,4,4,0,1
6,2,1,16,11,4,5,13,14,9,3,2,3,0,0
7,1,0,11,16,5,4,14,13,3,9,3,2,0,0
8,0,1,13,4,2,2,17,11,8,0,1,4,1,0
9,1,0,4,13,2,2,11,17,0,8,4,1,0,1
10,4,1,12,14,7,7,10,16,2,7,3,1,0,0
11,4,0,14,12,7,7,16,10,7,2,1,3,0,0
12,1,1,9,16,2,4,18,15,2,9,2,1,0,0
13,0,0,16,9,4,2,15,18,9,2,1,2,0,0
14,0,1,7,12,2,4,11,17,8,4,2,2,0,0
15,2,0,12,7,4,2,17,11,4,8,2,2,0,0
16,1,1,13,14,4,3,11,19,6,1,2,6,1,0
17,2,0,14,13,3,4,19,11,1,6,6,2,0,1
18,1,1,5,6,5,0,19,22,3,4,3,4,1,1
19,0,0,6,5,0,5,22,19,4,3,4,3,1,1
20,0,1,12,11,0,6,13,14,6,6,1,1,0,0
21,1,0,11,12,6,0,14,13,6,6,1,1,0,0
22,2,1,16,23,4,6,5,9,7,3,1,2,0,0
23,1,0,23,16,6,4,9,5,3,7,2,1,0,0
24,0,1,6,12,2,0,15,12,6,6,4,4,0,0
25,0,0,12,6,0,2,12,15,6,6,4,4,0,0
26,1,1,22,9,4,2,12,11,4,3,2,2,0,0
27,1,0,9,22,2,4,11,12,3,4,2,2,0,0
28,1,1,11,9,6,1,8,12,6,4,1,2,0,0
29,0,0,9,11,1,6,12,8,4,6,2,1,0,0
30,1,1,6,4,2,2,15,11,4,6,2,1,0,0
31,1,0,4,6,2,2,11,15,6,4,1,2,0,0
32,0,1,10,5,2,1,13,10,3,5,3,1,0,0
33,0,0,5,10,1,2,10,13,5,3,1,3,0,0
34,0,1,12,12,4,4,16,12,5,5,1,2,0,0
35,1,0,12,12,4,4,12,16,5,5,2,1,0,0
36,0,1,10,6,4,4,12,13,9,4,4,5,0,0
37,1,0,6,10,4,4,13,12,4,9,5,4,0,0
38,5,1,20,4,7,3,14,12,11,0,1,1,0,0
39,2,0,4,20,3,7,12,14,0,11,1,1,0,0
40,1,1,19,2,5,1,16,9,9,1,4,2,0,0
41,1,0,2,19,1,5,9,16,1,9,2,4,0,0
42,2,1,15,2,5,2,17,17,3,0,2,3,0,0
43,0,0,2,15,2,5,17,17,0,3,3,2,0,0
44,2,1,15,8,5,4,16,9,3,2,3,4,0,0
45,2,0,8,15,4,5,9,16,2,3,4,3,0,0
46,1,1,15,5,1,1,11,17,4,2,3,1,0,0
47,1,0,5,15,1,1,17,11,2,4,1,3,0,0
48,2,1,16,15,3,4,9,10,6,6,2,2,0,0
49,0,0,15,16,4,3,10,9,6,6,2,2,0,0
50,2,1,17,19,5,7,14,15,11,8,4,2,0,0
51,1,0,19,17,7,5,15,14,8,11,2,4,0,0
52,2,1,9,12,4,1,6,19,7,4,0,1,0,0
53,0,0,12,9,1,4,19,6,4,7,1,0,0,0
54,3,1,7,6,3,2,9,15,1,1,0,3,0,0
55,2,0,6,7,2,3,15,9,1,1,3,0,0,0
56,0,1,15,14,3,6,6,13,8,6,2,3,0,0
57,3,0,14,15,6,3,13,6,6,8,3,2,0,0
58,2,1,10,17,5,5,8,14,1,8,1,4,0,1
59,2,0,17,10,5,5,14,8,8,1,4,1,1,0
60,0,1,10,11,1,5,15,18,4,6,4,3,0,0
61,0,0,11,10,5,1,18,15,6,4,3,4,0,0
62,3,1,25,8,11,3,13,10,9,6,2,2,0,0
63,2,0,8,25,3,11,10,13,6,9,2,2,0,0
64,0,1,10,8,4,4,14,11,8,6,2,0,0,0
65,3,0,8,10,4,4,11,14,6,8,0,2,0,0
66,2,1,14,12,5,2,13,10,5,5,1,3,0,0
67,0,0,12,14,2,5,10,13,5,5,3,1,0,0
68,5,1,17,9,10,3,11,11,2,5,1,4,0,0
69,2,0,9,17,3,10,11,11,5,2,4,1,0,0
70,1,1,11,7,1,2,14,16,7,2,2,4,0,1
71,2,0,7,11,2,1,16,14,2,7,4,2,1,0
72,0,1,7,19,0,7,13,7,2,6,5,5,0,0
73,1,0,19,7,7,0,7,13,6,2,5,5,0,0
74,0,1,4,13,0,3,11,13,3,5,4,2,2,0
75,2,0,13,4,3,0,13,11,5,3,2,4,0,2
76,1,1,11,17,1,5,9,10,10,6,0,1,0,0
77,1,0,17,11,5,1,10,9,6,10,1,0,0,0
78,1,1,7,12,2,4,11,28,5,6,3,6,2,0
79,1,0,12,7,4,2,28,11,6,5,6,3,0,2
80,0,1,12,7,6,2,15,9,9,4,1,2,0,0
81,0,0,7,12,2,6,9,15,4,9,2,1,0,0
82,2,1,18,7,6,3,12,8,4,8,2,1,0,0
83,0,0,7,18,3,6,8,12,8,4,1,2,0,0
84,0,1,13,18,4,4,9,11,6,7,0,2,0,0
85,0,0,18,13,4,4,11,9,7,6,2,0,0,0
86,0,1,20,6,5,3,14,12,13,3,3,5,0,0
87,0,0,6,20,3,5,12,14,3,13,5,3,0,0
88,2,1,9,8,4,1,22,12,4,5,3,2,0,0
89,0,0,8,9,1,4,12,22,5,4,2,3,0,0
90,4,1,14,7,5,3,15,17,7,2,4,5,0,0
91,2,0,7,14,3,5,17,15,2,7,5,4,0,0
92,1,1,17,10,3,5,7,12,5,7,1,0,0,0
93,3,0,10,17,5,3,12,7,7,5,0,1,0,0
94,1,1,13,13,4,4,14,23,6,6,3,4,0,0
95,1,0,13,13,4,4,23,14,6,6,4,3,0,0
96,2,1,13,5,4,1,11,19,3,2,1,4,0,0
97,0,0,5,13,1,4,19,11,2,3,4,1,0,0
98,0,1,9,7,0,4,16,15,9,6,3,2,0,0
99,1,0,7,9,4,0,15,16,6,9,2,3,0,0
100,1,1,9,6,5,4,21,18,6,3,3,2,0,0
101,1,0,6,9,4,5,18,21,3,6,2,3,0,0
102,3,1,17,17,5,3,11,11,5,2,2,2,0,0
103,1,0,17,17,3,5,11,11,2,5,2,2,0,0
104,2,1,8,11,4,3,4,13,6,5,4,2,0,0
105,1,0,11,8,3,4,13,4,5,6,2,4,0,0
106,1,1,7,9,3,2,11,12,4,5,0,1,0,0
107,1,0,9,7,2,3,12,11,5,4,1,0,0,0
108,0,1,9,13,3,3,8,15,8,5,3,5,0,1
109,2,0,13,9,3,3,15,8,5,8,5,3,1,0
110,3,1,8,18,4,5,14,26,4,5,1,4,0,0
111,3,0,18,8,5,4,26,14,5,4,4,1,0,0
112,2,1,15,4,4,0,13,13,7,5,2,2,0,0
113,0,0,4,15,0,4,13,13,5,7,2,2,0,0
114,3,1,11,7,4,4,11,19,3,1,3,4,0,0
115,2,0,7,11,4,4,19,11,1,3,4,3,0,0
116,1,1,14,10,3,4,5,17,6,4,2,5,0,0
117,1,0,10,14,4,3,17,5,4,6,5,2,0,0
118,3,1,21,5,7,0,7,20,5,3,1,4,0,1
119,0,0,5,21,0,7,20,7,3,5,4,1,1,0
120,5,1,17,11,10,6,13,8,3,7,2,2,0,0
121,1,0,11,17,6,10,8,13,7,3,2,2,0,0
122,0,1,14,10,3,6,14,12,7,7,2,5,0,0
123,1,0,10,14,6,3,12,14,7,7,5,2,0,0
124,0,1,8,10,1,6,23,17,4,1,4,4,0,1
125,2,0,10,8,6,1,17,23,1,4,4,4,1,0
126,1,1,11,15,4,6,19,12,8,3,3,4,0,0
127,0,0,15,11,6,4,12,19,3,8,4,3,0,0
128,0,1,7,14,1,3,14,14,5,7,1,2,0,0
129,0,0,14,7,3,1,14,14,7,5,2,1,0,0
130,0,1,16,9,2,6,16,13,4,3,2,0,1,0
131,2,0,9,16,6,2,13,16,3,4,0,2,0,1
132,2,1,7,3,3,2,17,15,6,5,3,1,0,0
133,0,0,3,7,2,3,15,17,5,6,1,3,0,0
134,2,1,11,5,6,1,16,14,4,1,2,3,0,0
135,0,0,5,11,1,6,14,16,1,4,3,2,0,0
136,1,1,10,18,5,3,12,12,7,11,6,0,1,0
137,1,0,18,10,3,5,12,12,11,7,0,6,0,1
138,3,1,21,5,8,2,9,8,7,0,1,1,0,0
139,2,0,5,21,2,8,8,9,0,7,1,1,0,0
140,1,1,12,8,3,2,7,20,4,9,3,6,0,1
141,1,0,8,12,2,3,20,7,9,4,6,3,1,0
142,1,1,25,9,10,2,10,7,9,4,3,5,0,0
143,2,0,9,25,2,10,7,10,4,9,5,3,0,0
144,4,1,17,8,10,5,12,18,6,2,4,5,0,0
145,2,0,8,17,5,10,18,12,2,6,5,4,0,0
146,2,1,11,10,3,4,7,16,4,7,1,3,0,0
147,1,0,10,11,4,3,16,7,7,4,3,1,0,0
148,2,1,16,16,4,5,9,15,8,9,2,2,0,0
149,1,0,16,16,5,4,15,9,9,8,2,2,0,0
150,2,1,9,11,3,3,11,11,2,4,1,3,0,0
151,0,0,11,9,3,3,11,11,4,2,3,1,0,0
152,1,1,13,6,2,2,8,20,6,4,0,5,0,0
153,0,0,6,13,2,2,20,8,4,6,5,0,0,0
154,0,1,5,9,1,1,15,14,3,4,6,4,0,0
155,0,0,9,5,1,1,14,15,4,3,4,6,0,0
156,1,1,6,13,3,4,20,15,3,8,2,4,1,0
157,2,0,13,6,4,3,15,20,8,3,4,2,0,1
158,4,1,15,16,8,4,10,12,7,10,5,3,2,0
159,0,0,16,15,4,8,12,10,10,7,3,5,0,2
160,1,1,6,9,2,4,12,17,2,7,2,8,0,1
161,0,0,9,6,4,2,17,12,7,2,8,2,1,0
162,0,1,5,9,0,4,16,14,2,2,5,0,0,0
163,3,0,9,5,4,0,14,16,2,2,0,5,0,0
164,1,1,15,11,4,3,18,12,2,4,2,1,0,1
165,1,0,11,15,3,4,12,18,4,2,1,2,1,0
166,2,1,5,7,2,3,17,19,2,3,1,4,0,0
167,0,0,7,5,3,2,19,17,3,2,4,1,0,0
168,1,1,5,13,1,4,20,14,4,4,2,2,0,1
169,0,0,13,5,4,1,14,20,4,4,2,2,1,0
170,2,1,12,14,5,2,20,5,4,6,5,1,0,0
171,0,0,14,12,2,5,5,20,6,4,1,5,0,0
172,3,1,18,12,6,5,23,12,11,2,4,2,0,0
173,1,0,12,18,5,6,12,23,2,11,2,4,0,0
174,0,1,18,11,3,5,11,14,7,3,2,1,0,0
175,1,0,11,18,5,3,14,11,3,7,1,2,0,0
176,1,1,19,9,7,3,12,9,3,4,2,3,0,0
177,1,0,9,19,3,7,9,12,4,3,3,2,0,0
178,1,1,19,12,5,5,10,11,9,1,2,2,0,0
179,0,0,12,19,5,5,11,10,1,9,2,2,0,0
180,4,1,19,12,8,3,12,13,5,4,2,2,0,0
181,1,0,12,19,3,8,13,12,4,5,2,2,0,0
182,1,1,9,9,3,1,19,13,4,5,4,1,0,0
183,0,0,9,9,1,3,13,19,5,4,1,4,0,0
184,2,1,8,13,4,3,13,13,4,3,1,2,0,0
185,0,0,13,8,3,4,13,13,3,4,2,1,0,0
186,2,1,9,9,2,2,14,9,7,7,2,2,0,0
187,0,0,9,9,2,2,9,14,7,7,2,2,0,0
188,0,1,9,9,1,4,20,12,3,7,5,2,1,0
189,1,0,9,9,4,1,12,20,7,3,2,5,0,1
190,1,1,13,12,3,0,13,8,4,2,3,4,0,0
191,0,0,12,13,0,3,8,13,2,4,4,3,0,0
192,0,1,7,14,3,3,10,26,4,7,2,3,0,0
193,1,0,14,7,3,3,26,10,7,4,3,2,0,0
194,2,1,15,9,8,4,13,18,5,0,2,3,0,0
195,0,0,9,15,4,8,18,13,0,5,3,2,0,0
196,3,1,21,2,13,1,8,6,6,1,1,1,0,1
197,1,0,2,21,1,13,6,8,1,6,1,1,1,0
198,1,1,11,9,3,3,23,16,4,1,3,3,0,0
199,1,0,9,11,3,3,16,23,1,4,3,3,0,0
200,5,1,18,9,9,1,9,14,6,3,0,3,0,0
201,1,0,9,18,1,9,14,9,3,6,3,0,0,0
202,1,1,17,13,5,4,15,12,9,5,3,4,0,0
203,2,0,13,17,4,5,12,15,5,9,4,3,0,0
204,1,1,10,10,3,1,12,17,6,1,6,3,0,0
205,1,0,10,10,1,3,17,12,1,6,3,6,0,0
206,3,1,7,12,5,5,13,20,2,5,0,1,0,0
207,0,0,12,7,5,5,20,13,5,2,1,0,0,0
208,2,1,11,18,7,5,16,17,5,10,6,1,0,0
209,1,0,18,11,5,7,17,16,10,5,1,6,0,0
210,5,1,22,5,11,3,12,12,8,3,1,5,0,0
211,0,0,5,22,3,11,12,12,3,8,5,1,0,0
212,2,1,25,9,8,2,11,12,8,3,0,3,0,0
213,1,0,9,25,2,8,12,11,3,8,3,0,0,0
214,2,1,11,12,3,4,9,10,5,3,1,5,0,0
215,2,0,12,11,4,3,10,9,3,5,5,1,0,0
216,3,1,8,10,3,2,22,11,2,3,5,5,0,0
217,1,0,10,8,2,3,11,22,3,2,5,5,0,0
218,1,1,13,11,4,4,20,14,5,5,0,1,0,0
219,2,0,11,13,4,4,14,20,5,5,1,0,0,0
220,3,1,9,9,3,6,9,13,2,3,1,6,0,0
221,1,0,9,9,6,3,13,9,3,2,6,1,0,0
222,1,1,11,14,4,5,13,16,6,3,4,3,0,0
223,1,0,14,11,5,4,16,13,3,6,3,4,0,0
224,0,1,22,13,7,3,11,17,9,4,2,4,0,0
225,0,0,13,22,3,7,17,11,4,9,4,2,0,0
226,3,1,12,14,6,1,15,20,2,6,5,4,0,0
227,0,0,14,12,1,6,20,15,6,2,4,5,0,0
228,0,1,11,12,7,2,10,8,8,10,2,0,0,0
229,0,0,12,11,2,7,8,10,10,8,0,2,0,0
230,4,1,19,11,6,3,13,17,5,1,4,2,0,0
231,2,0,11,19,3,6,17,13,1,5,2,4,0,0
232,0,1,6,9,2,5,6,19,4,4,3,3,0,0
233,1,0,9,6,5,2,19,6,4,4,3,3,0,0
234,1,1,12,7,5,4,16,20,4,2,5,2,0,0
235,2,0,7,12,4,5,20,16,2,4,2,5,0,0
236,1,1,5,9,3,5,15,19,4,5,0,2,0,0
237,2,0,9,5,5,3,19,15,5,4,2,0,0,0
238,1,1,11,6,5,2,14,23,5,1,2,6,0,1
239,1,0,6,11,2,5,23,14,1,5,6,2,1,0
240,3,1,14,7,5,1,21,16,6,7,3,3,0,0
241,0,0,7,14,1,5,16,21,7,6,3,3,0,0
242,2,1,12,13,4,1,11,15,7,4,0,5,0,0
243,0,0,13,12,1,4,15,11,4,7,5,0,0,0
244,0,1,14,10,1,5,9,8,6,6,0,0,0,0
245,4,0,10,14,5,1,8,9,6,6,0,0,0,0
246,4,1,10,6,7,5,18,14,2,2,4,1,0,0
247,1,0,6,10,5,7,14,18,2,2,1,4,0,0
248,3,1,5,22,3,6,18,17,2,5,2,3,0,0
249,1,0,22,5,6,3,17,18,5,2,3,2,0,0
250,2,1,23,8,10,2,13,13,10,2,3,2,0,0
251,1,0,8,23,2,10,13,13,2,10,2,3,0,0
252,3,1,18,10,5,1,12,15,9,2,2,2,0,0
253,1,0,10,18,1,5,15,12,2,9,2,2,0,0
254,0,1,14,4,5,1,15,16,9,5,2,4,0,0
255,0,0,4,14,1,5,16,15,5,9,4,2,0,0
256,1,1,18,10,5,6,12,21,4,4,2,3,0,0
257,2,0,10,18,6,5,21,12,4,4,3,2,0,0
258,2,1,13,14,6,7,13,9,3,6,2,1,1,0
259,1,0,14,13,7,6,9,13,6,3,1,2,0,1
260,1,1,9,11,4,6,11,10,0,6,1,2,0,0
261,2,0,11,9,6,4,10,11,6,0,2,1,0,0
262,2,1,25,9,8,3,9,13,5,4,2,2,0,0
263,1,0,9,25,3,8,13,9,4,5,2,2,0,0
264,1,1,9,17,3,6,15,17,2,8,4,3,0,0
265,1,0,17,9,6,3,17,15,8,2,3,4,0,0
266,3,1,18,11,10,6,13,16,4,3,1,1,0,0
267,1,0,11,18,6,10,16,13,3,4,1,1,0,0
268,1,1,6,11,2,2,23,12,3,3,3,4,0,0
269,1,0,11,6,2,2,12,23,3,3,4,3,0,0
270,1,1,12,6,7,4,15,18,6,2,4,3,0,0
271,2,0,6,12,4,7,18,15,2,6,3,4,0,0
272,0,1,18,7,7,5,10,11,10,4,1,2,0,0
273,2,0,7,18,5,7,11,10,4,10,2,1,0,0
274,1,1,15,11,1,7,12,9,8,2,3,2,0,0
275,3,0,11,15,7,1,9,12,2,8,2,3,0,0
276,0,1,7,4,1,2,13,25,8,4,3,4,0,1
277,1,0,4,7,2,1,25,13,4,8,4,3,1,0
278,0,1,13,9,5,2,11,17,11,3,1,3,0,0
279,0,0,9,13,2,5,17,11,3,11,3,1,0,0
280,1,1,8,12,2,6,18,11,9,4,4,3,0,0
281,2,0,12,8,6,2,11,18,4,9,3,4,0,0
282,4,1,15,10,4,4,8,12,6,4,1,4,0,0
283,1,0,10,15,4,4,12,8,4,6,4,1,0,0
284,1,1,16,15,7,3,16,15,6,5,3,4,1,0
285,2,0,15,16,3,7,15,16,5,6,4,3,0,1
286,2,1,13,24,7,7,8,17,6,4,1,2,0,0
287,1,0,24,13,7,7,17,8,4,6,2,1,0,0
288,1,1,16,8,8,4,16,7,7,4,3,3,0,0
289,0,0,8,16,4,8,7,16,4,7,3,3,0,0
290,2,1,14,8,6,1,18,16,4,3,5,4,0,0
291,0,0,8,14,1,6,16,18,3,4,4,5,0,0
292,2,1,12,14,5,8,12,16,2,3,1,4,0,1
293,4,0,14,12,8,5,16,12,3,2,4,1,1,0
294,4,1,13,7,9,2,22,14,6,7,2,3,0,0
295,0,0,7,13,2,9,14,22,7,6,3,2,0,0
296,0,1,17,13,2,5,12,11,9,5,4,4,0,0
297,1,0,13,17,5,2,11,12,5,9,4,4,0,0
298,0,1,23,18,3,3,11,11,11,6,2,1,0,0
299,0,0,18,23,3,3,11,11,6,11,1,2,0,0
300,2,1,18,6,8,2,15,13,5,3,4,3,1,0
301,0,0,6,18,2,8,13,15,3,5,3,4,0,1
302,3,1,13,5,3,1,16,17,6,2,1,4,0,2
303,0,0,5,13,1,3,17,16,2,6,4,1,2,0
304,2,1,17,10,6,6,14,14,5,1,5,2,1,0
305,4,0,10,17,6,6,14,14,1,5,2,5,0,1
306,5,1,25,9,17,3,15,10,8,4,3,0,0,0
307,2,0,9,25,3,17,10,15,4,8,0,3,0,0
308,0,1,6,6,3,3,16,15,3,8,5,1,1,0
309,1,0,6,6,3,3,15,16,8,3,1,5,0,1
310,3,1,10,8,6,2,12,15,3,3,2,4,0,0
311,2,0,8,10,2,6,15,12,3,3,4,2,0,0
312,0,1,4,16,2,2,10,19,1,4,0,4,0,0
313,0,0,16,4,2,2,19,10,4,1,4,0,0,0
314,3,1,15,9,8,4,14,11,3,5,3,3,0,1
315,2,0,9,15,4,8,11,14,5,3,3,3,1,0
316,1,1,10,13,1,4,22,10,2,6,4,4,1,0
317,1,0,13,10,4,1,10,22,6,2,4,4,0,1
318,1,1,10,3,3,1,14,17,2,0,2,3,0,0
319,1,0,3,10,1,3,17,14,0,2,3,2,0,0
320,1,1,18,13,4,6,14,12,8,6,4,3,0,0
321,2,0,13,18,6,4,12,14,6,8,3,4,0,0
322,2,1,19,9,5,5,7,8,8,5,0,1,0,0
323,2,0,9,19,5,5,8,7,5,8,1,0,0,0
324,0,1,8,8,3,2,7,12,6,7,3,3,0,0
325,0,0,8,8,2,3,12,7,7,6,3,3,0,0
326,2,1,19,15,9,3,16,10,6,5,2,1,0,0
327,0,0,15,19,3,9,10,16,5,6,1,2,0,0
328,2,1,7,10,3,3,28,10,4,3,3,3,0,0
329,0,0,10,7,3,3,10,28,3,4,3,3,0,0
330,2,1,18,8,7,2,14,16,3,3,3,5,0,1
331,2,0,8,18,2,7,16,14,3,3,5,3,1,0
332,2,1,16,10,4,5,26,13,7,5,4,1,0,0
333,2,0,10,16,5,4,13,26,5,7,1,4,0,0
334,1,1,24,9,5,3,12,11,14,2,2,0,0,0
335,2,0,9,24,3,5,11,12,2,14,0,2,0,0
336,1,1,9,19,6,6,11,15,1,2,1,2,0,0
337,1,0,19,9,6,6,15,11,2,1,2,1,0,0
338,0,1,9,17,2,4,5,17,2,6,3,5,0,0
339,0,0,17,9,4,2,17,5,6,2,5,3,0,0
340,3,1,21,12,7,1,17,13,5,5,3,3,0,0
341,0,0,12,21,1,7,13,17,5,5,3,3,0,0
342,0,1,8,13,1,6,15,12,3,6,6,3,0,0
343,2,0,13,8,6,1,12,15,6,3,3,6,0,0
344,4,1,8,5,4,3,10,11,3,4,2,4,0,0
345,1,0,5,8,3,4,11,10,4,3,4,2,0,0
346,1,1,11,7,4,0,8,18,2,5,2,5,0,1
347,0,0,7,11,0,4,18,8,5,2,5,2,1,0
348,1,1,14,5,6,2,10,12,5,4,0,3,0,0
349,1,0,5,14,2,6,12,10,4,5,3,0,0,0
350,2,1,11,9,5,3,11,15,1,5,1,6,0,0
351,0,0,9,11,3,5,15,11,5,1,6,1,0,0
352,3,1,19,13,7,7,11,12,8,3,6,2,1,0
353,4,0,13,19,7,7,12,11,3,8,2,6,0,1
354,1,1,15,8,2,5,11,14,5,3,4,3,0,0
355,2,0,8,15,5,2,14,11,3,5,3,4,0,0
356,3,1,13,12,7,5,8,15,8,7,3,6,0,0
357,1,0,12,13,5,7,15,8,7,8,6,3,0,0
358,0,1,20,8,8,2,8,14,6,4,1,0,0,0
359,0,0,8,20,2,8,14,8,4,6,0,1,0,0
360,2,1,14,12,5,5,16,13,4,3,3,2,0,0
361,2,0,12,14,5,5,13,16,3,4,2,3,0,0
362,1,1,9,6,2,1,16,20,9,1,2,4,0,0
363,1,0,6,9,1,2,20,16,1,9,4,2,0,0
364,1,1,9,10,1,3,13,20,6,5,1,3,0,1
365,0,0,10,9,3,1,20,13,5,6,3,1,1,0
366,0,1,15,10,4,8,20,14,7,4,3,2,0,0
367,3,0,10,15,8,4,14,20,4,7,2,3,0,0
368,2,1,17,6,8,3,9,10,5,5,1,3,0,0
369,1,0,6,17,3,8,10,9,5,5,3,1,0,0
370,2,1,8,14,3,7,17,11,4,5,2,2,0,1
371,2,0,14,8,7,3,11,17,5,4,2,2,1,0
372,1,1,7,17,4,5,23,11,3,4,5,1,0,0
373,0,0,17,7,5,4,11,23,4,3,1,5,0,0
374,1,1,10,14,2,2,16,14,7,2,5,4,0,0
375,2,0,14,10,2,2,14,16,2,7,4,5,0,0
376,1,1,6,10,1,3,18,15,3,6,7,3,0,1
377,1,0,10,6,3,1,15,18,6,3,3,7,1,0
378,1,1,20,8,7,1,14,19,6,1,4,3,0,0
379,1,0,8,20,1,7,19,14,1,6,3,4,0,0
380,0,1,8,8,2,4,22,18,4,4,6,4,0,0
381,3,0,8,8,4,2,18,22,4,4,4,6,0,0
382,0,1,20,14,3,6,12,20,7,6,2,4,0,0
383,1,0,14,20,6,3,20,12,6,7,4,2,0,0
384,2,1,13,8,4,3,17,12,2,4,3,1,0,0
385,1,0,8,13,3,4,12,17,4,2,1,3,0,0
386,0,1,21,5,5,3,16,10,9,1,2,2,0,0
387,0,0,5,21,3,5,10,16,1,9,2,2,0,0
388,2,1,9,12,4,4,16,14,6,7,1,2,0,0
389,0,0,12,9,4,4,14,16,7,6,2,1,0,0
390,4,1,13,8,6,1,18,11,1,6,4,4,0,1
391,1,0,8,13,1,6,11,18,6,1,4,4,1,0
392,3,1,14,7,6,0,8,10,6,2,3,1,0,0
393,0,0,7,14,0,6,10,8,2,6,1,3,0,0
394,1,1,21,16,5,5,15,18,4,4,1,3,0,1
395,2,0,16,21,5,5,18,15,4,4,3,1,1,0
396,1,1,22,7,6,3,18,12,13,0,4,3,0,0
397,1,0,7,22,3,6,12,18,0,13,3,4,0,0
398,1,1,18,5,6,1,11,17,7,0,0,4,0,1
399,0,0,5,18,1,6,17,11,0,7,4,0,1,0
400,2,1,15,6,3,2,18,11,5,5,3,3,0,0
401,0,0,6,15,2,3,11,18,5,5,3,3,0,0
402,1,1,9,11,3,3,14,14,2,3,3,1,0,0
403,1,0,11,9,3,3,14,14,3,2,1,3,0,0
404,2,1,8,14,6,5,13,16,2,0,1,3,0,0
405,0,0,14,8,5,6,16,13,0,2,3,1,0,0
406,1,1,12,11,6,6,10,12,7,4,2,1,0,0
407,2,0,11,12,6,6,12,10,4,7,1,2,0,0
408,2,1,12,8,4,1,13,18,3,6,4,1,0,0
409,0,0,8,12,1,4,18,13,6,3,1,4,0,0
410,0,1,14,10,3,4,10,19,7,6,2,6,0,1
411,0,0,10,14,4,3,19,10,6,7,6,2,1,0
412,0,1,18,5,5,3,9,16,6,3,1,0,0,0
413,0,0,5,18,3,5,16,9,3,6,0,1,0,0
414,1,1,7,8,3,1,19,12,8,4,2,4,0,1
415,0,0,8,7,1,3,12,19,4,8,4,2,1,0
416,3,1,14,8,5,4,15,7,7,3,0,2,0,0
417,0,0,8,14,4,5,7,15,3,7,2,0,0,0
418,0,1,4,12,0,3,7,11,3,5,1,3,0,0
419,1,0,12,4,3,0,11,7,5,3,3,1,0,0
420,2,1,8,22,2,4,15,17,3,9,3,3,0,0
421,1,0,22,8,4,2,17,15,9,3,3,3,0,0
422,1,1,16,4,5,1,18,11,5,6,2,3,0,0
423,0,0,4,16,1,5,11,18,6,5,3,2,0,0
424,0,1,16,15,4,7,11,10,8,5,4,1,0,0
425,1,0,15,16,7,4,10,11,5,8,1,4,0,0
426,1,1,9,11,5,4,14,20,4,7,6,3,0,0
427,0,0,11,9,4,5,20,14,7,4,3,6,0,0
428,2,1,12,2,5,1,24,19,3,1,4,3,0,0
429,1,0,2,12,1,5,19,24,1,3,3,4,0,0
430,1,1,8,14,3,6,15,16,2,7,2,2,0,0
431,1,0,14,8,6,3,16,15,7,2,2,2,0,0
432,0,1,8,9,2,3,11,19,5,4,2,5,0,0
433,2,0,9,8,3,2,19,11,4,5,5,2,0,0
434,1,1,14,4,3,3,13,12,6,1,2,1,0,0
435,1,0,4,14,3,3,12,13,1,6,1,2,0,0
436,3,1,9,17,4,5,19,15,4,6,3,2,0,0
437,1,0,17,9,5,4,15,19,6,4,2,3,0,0
438,2,1,23,10,9,5,6,10,8,3,2,0,0,0
439,1,0,10,23,5,9,10,6,3,8,0,2,0,0
440,2,1,9,5,5,1,16,10,3,5,3,2,0,0
441,1,0,5,9,1,5,10,16,5,3,2,3,0,0
442,2,1,9,12,5,4,18,15,2,2,2,3,0,0
443,0,0,12,9,4,5,15,18,2,2,3,2,0,0
444,3,1,22,5,10,0,12,6,10,0,4,4,0,1
445,0,0,5,22,0,10,6,12,0,10,4,4,1,0
446,1,1,8,8,1,3,14,22,2,4,3,3,0,0
447,1,0,8,8,3,1,22,14,4,2,3,3,0,0
448,1,1,6,10,3,2,16,19,2,3,4,6,0,0
449,0,0,10,6,2,3,19,16,3,2,6,4,0,0
450,1,1,12,7,7,3,26,15,1,7,6,2,0,0
451,0,0,7,12,3,7,15,26,7,1,2,6,0,0
452,2,1,14,6,4,3,7,15,4,4,2,2,0,1
453,1,0,6,14,3,4,15,7,4,4,2,2,1,0
454,1,1,14,17,4,7,11,15,4,3,2,2,0,0
455,4,0,17,14,7,4,15,11,3,4,2,2,0,0
456,2,1,13,12,7,4,16,14,3,4,3,2,0,0
457,1,0,12,13,4,7,14,16,4,3,2,3,0,0
458,2,1,7,10,3,6,21,17,0,8,5,5,1,1
459,3,0,10,7,6,3,17,21,8,0,5,5,1,1
460,2,1,9,8,3,3,12,16,11,4,3,3,0,0
461,2,0,8,9,3,3,16,12,4,11,3,3,0,0
462,1,1,14,10,6,0,16,15,8,5,0,2,0,0
463,0,0,10,14,0,6,15,16,5,8,2,0,0,0
464,2,1,12,7,5,2,12,30,2,3,3,2,0,0
465,1,0,7,12,2,5,30,12,3,2,2,3,0,0
466,2,1,14,11,6,2,15,15,5,10,3,1,0,0
467,1,0,11,14,2,6,15,15,10,5,1,3,0,0
468,2,1,11,6,5,4,19,13,10,5,3,2,0,0
469,1,0,6,11,4,5,13,19,5,10,2,3,0,0
470,2,1,18,5,6,3,17,9,9,2,3,4,0,1
471,2,0,5,18,3,6,9,17,2,9,4,3,1,0
472,0,1,11,3,1,2,15,20,4,2,5,3,0,1
473,0,0,3,11,2,1,20,15,2,4,3,5,1,0
474,0,1,12,6,2,2,14,20,4,0,4,4,0,0
475,1,0,6,12,2,2,20,14,0,4,4,4,0,0
476,2,1,15,5,4,3,10,10,9,3,2,2,0,0
477,2,0,5,15,3,4,10,10,3,9,2,2,0,0
478,3,1,19,11,6,4,13,12,7,1,2,1,0,0
479,3,0,11,19,4,6,12,13,1,7,1,2,0,0
480,1,1,3,11,1,2,13,17,2,9,3,3,1,0
481,0,0,11,3,2,1,17,13,9,2,3,3,0,1
482,5,1,13,12,11,5,8,19,5,5,0,2,0,0
483,0,0,12,13,5,11,19,8,5,5,2,0,0,0
484,3,1,19,6,7,1,19,9,6,7,1,1,0,0
485,0,0,6,19,1,7,9,19,7,6,1,1,0,0
486,1,1,8,19,2,7,16,10,3,7,1,2,0,0
487,0,0,19,8,7,2,10,16,7,3,2,1,0,0
488,0,1,14,10,1,4,19,11,6,3,3,1,0,0
489,3,0,10,14,4,1,11,19,3,6,1,3,0,0
490,2,1,4,13,4,5,17,12,2,9,4,4,0,0
491,1,0,13,4,5,4,12,17,9,2,4,4,0,0
492,2,1,21,6,6,2,10,18,4,2,1,5,0,1
493,1,0,6,21,2,6,18,10,2,4,5,1,1,0
494,0,1,10,8,2,5,14,17,5,3,7,3,0,0
495,3,0,8,10,5,2,17,14,3,5,3,7,0,0
496,3,1,16,10,9,4,14,6,6,1,1,2,0,0
497,1,0,10,16,4,9,6,14,1,6,2,1,0,0
498,1,1,13,6,4,1,15,11,8,4,1,1,0,0
499,0,0,6,13,1,4,11,15,4,8,1,1,0,0
500,3,1,13,11,9,4,15,16,3,6,3,2,0,0
501,0,0,11,13,4,9,16,15,6,3,2,3,0,0
502,2,1,10,14,5,5,13,9,6,7,2,3,0,0
503,1,0,14,10,5,5,9,13,7,6,3,2,0,0
504,1,1,19,8,6,4,18,18,6,4,3,3,0,0
505,1,0,8,19,4,6,18,18,4,6,3,3,0,0
506,0,1,14,6,0,2,14,11,6,1,3,5,0,0
507,0,0,6,14,2,0,11,14,1,6,5,3,0,0
508,3,1,12,14,5,4,9,14,7,1,2,2,0,1
509,2,0,14,12,4,5,14,9,1,7,2,2,1,0
510,1,1,18,10,6,3,11,13,5,6,6,6,0,0
511,0,0,10,18,3,6,13,11,6,5,6,6,0,0
512,1,1,9,5,3,2,20,18,3,4,3,4,0,0
513,1,0,5,9,2,3,18,20,4,3,4,3,0,0
514,0,1,4,9,1,5,13,24,4,3,4,5,1,0
515,1,0,9,4,5,1,24,13,3,4,5,4,0,1
516,2,1,13,9,5,4,13,10,8,2,2,2,0,0
517,0,0,9,13,4,5,10,13,2,8,2,2,0,0
518,1,1,13,6,2,2,9,10,3,3,5,3,0,0
519,1,0,6,13,2,2,10,9,3,3,3,5,0,0
520,1,1,13,10,2,4,16,8,4,3,5,3,0,0
521,2,0,10,13,4,2,8,16,3,4,3,5,0,0
522,2,1,21,12,3,4,14,16,8,4,2,4,0,0
523,2,0,12,21,4,3,16,14,4,8,4,2,0,0
524,1,1,13,9,6,1,12,10,4,4,4,3,0,0
525,0,0,9,13,1,6,10,12,4,4,3,4,0,0
526,0,1,19,3,6,2,18,14,9,1,6,5,1,0
527,0,0,3,19,2,6,14,18,1,9,5,6,0,1
528,1,1,17,8,6,2,17,12,6,2,3,3,0,1
529,0,0,8,17,2,6,12,17,2,6,3,3,1,0
530,1,1,19,10,2,5,9,13,8,1,1,2,0,0
531,4,0,10,19,5,2,13,9,1,8,2,1,0,0
532,1,1,11,10,3,7,21,13,6,4,3,3,0,0
533,1,0,10,11,7,3,13,21,4,6,3,3,0,0
534,1,1,15,12,5,7,10,11,2,5,4,3,0,0
535,2,0,12,15,7,5,11,10,5,2,3,4,0,0
536,2,1,14,13,3,4,8,11,6,2,1,1,0,0
537,1,0,13,14,4,3,11,8,2,6,1,1,0,0
538,1,1,13,6,4,2,12,10,3,1,3,2,0,0
539,2,0,6,13,2,4,10,12,1,3,2,3,0,0
540,0,1,22,6,8,4,10,10,5,3,0,2,0,0
541,3,0,6,22,4,8,10,10,3,5,2,0,0,0
542,0,1,13,2,1,1,21,20,3,2,1,1,0,0
543,0,0,2,13,1,1,20,21,2,3,1,1,0,0
544,3,1,25,3,9,0,6,13,7,1,0,2,0,0
545,0,0,3,25,0,9,13,6,1,7,2,0,0,0
546,1,1,12,14,2,5,13,14,8,7,3,2,0,0
547,1,0,14,12,5,2,14,13,7,8,2,3,0,0
548,1,1,16,8,7,4,16,10,4,6,2,3,0,0
549,2,0,8,16,4,7,10,16,6,4,3,2,0,0
550,1,1,18,8,6,6,12,13,7,0,1,1,0,0
551,2,0,8,18,6,6,13,12,0,7,1,1,0,0
552,2,1,10,4,3,1,11,27,3,0,1,7,0,0
553,0,0,4,10,1,3,27,11,0,3,7,1,0,0
554,1,1,13,17,2,8,6,15,2,6,1,0,0,0
555,4,0,17,13,8,2,15,6,6,2,0,1,0,0
556,2,1,17,12,5,2,12,13,6,2,4,5,0,0
557,1,0,12,17,2,5,13,12,2,6,5,4,0,0
558,1,1,13,9,4,3,10,15,4,10,2,3,0,0
559,1,0,9,13,3,4,15,10,10,4,3,2,0,0
560,2,1,7,9,4,0,14,11,5,5,2,1,0,0
561,0,0,9,7,0,4,11,14,5,5,1,2,0,0
562,2,1,18,7,5,6,12,9,5,0,1,2,0,0
563,2,0,7,18,6,5,9,12,0,5,2,1,0,0
564,0,1,16,13,4,5,17,15,5,6,3,1,0,0
565,0,0,13,16,5,4,15,17,6,5,1,3,0,0
566,1,1,9,13,2,3,7,8,8,5,1,1,0,0
567,0,0,13,9,3,2,8,7,5,8,1,1,0,0
568,0,1,7,10,4,5,13,11,6,10,1,1,0,0
569,1,0,10,7,5,4,11,13,10,6,1,1,0,0
570,2,1,19,16,9,4,16,12,6,10,1,1,0,0
571,0,0,16,19,4,9,12,16,10,6,1,1,0,0
572,1,1,10,20,5,8,13,11,4,7,2,3,0,0
573,4,0,20,10,8,5,11,13,7,4,3,2,0,0
574,0,1,19,14,2,6,13,14,4,5,3,2,0,0
575,0,0,14,19,6,2,14,13,5,4,2,3,0,0
576,2,1,14,9,4,4,17,17,3,2,2,2,0,0
577,2,0,9,14,4,4,17,17,2,3,2,2,0,0
578,1,1,15,21,6,9,14,8,7,7,2,3,0,0
579,2,0,21,15,9,6,8,14,7,7,3,2,0,0
580,2,1,8,7,2,2,18,15,4,2,3,2,0,0
581,1,0,7,8,2,2,15,18,2,4,2,3,0,0
582,0,1,12,7,3,4,22,14,6,7,3,1,0,0
583,0,0,7,12,4,3,14,22,7,6,1,3,0,0
584,0,1,13,14,3,6,15,11,7,2,3,2,0,0
585,1,0,14,13,6,3,11,15,2,7,2,3,0,0
586,2,1,10,9,4,0,12,14,2,8,4,5,0,1
587,0,0,9,10,0,4,14,12,8,2,5,4,1,0
588,4,1,17,8,8,3,11,11,8,1,1,1,0,0
589,1,0,8,17,3,8,11,11,1,8,1,1,0,0
590,2,1,8,11,5,7,19,13,0,12,4,3,0,0
591,1,0,11,8,7,5,13,19,12,0,3,4,0,0
592,8,1,31,7,15,3,6,12,9,4,1,2,0,0
593,2,0,7,31,3,15,12,6,4,9,2,1,0,0
594,1,1,11,8,3,2,15,17,5,8,3,6,0,1
595,0,0,8,11,2,3,17,15,8,5,6,3,1,0
596,2,1,13,18,4,5,14,10,3,5,4,2,1,0
597,2,0,18,13,5,4,10,14,5,3,2,4,0,1
598,0,1,14,14,4,2,16,18,6,3,2,1,0,0
599,1,0,14,14,2,4,18,16,3,6,1,2,0,0
600,1,1,11,16,3,6,18,6,1,2,6,2,0,0
601,1,0,16,11,6,3,6,18,2,1,2,6,0,0
602,1,1,18,12,9,3,5,21,14,3,2,2,0,0
603,1,0,12,18,3,9,21,5,3,14,2,2,0,0
604,1,1,8,12,5,6,18,8,1,6,1,1,0,0
605,2,0,12,8,6,5,8,18,6,1,1,1,0,0
606,0,1,12,11,2,6,22,9,5,4,6,3,0,0
607,0,0,11,12,6,2,9,22,4,5,3,6,0,0
608,1,1,22,16,9,4,17,13,5,4,1,2,0,0
609,0,0,16,22,4,9,13,17,4,5,2,1,0,0
610,0,1,16,9,3,3,16,9,6,1,4,3,0,0
611,1,0,9,16,3,3,9,16,1,6,3,4,0,0
612,0,1,15,10,1,5,10,22,7,1,3,6,0,0
613,2,0,10,15,5,1,22,10,1,7,6,3,0,0
614,0,1,15,10,5,4,9,12,7,2,3,2,0,0
615,1,0,10,15,4,5,12,9,2,7,2,3,0,0
616,3,1,11,20,6,7,15,11,3,1,1,3,0,1
617,2,0,20,11,7,6,11,15,1,3,3,1,1,0
618,0,1,13,7,3,1,16,12,7,5,5,3,0,2
619,1,0,7,13,1,3,12,16,5,7,3,5,2,0
620,3,1,12,14,5,4,9,11,7,8,2,2,0,0
621,3,0,14,12,4,5,11,9,8,7,2,2,0,0
622,1,1,14,4,3,2,16,17,5,2,1,1,0,0
623,0,0,4,14,2,3,17,16,2,5,1,1,0,0
624,0,1,11,7,2,4,12,15,1,5,1,2,1,0
625,2,0,7,11,4,2,15,12,5,1,2,1,0,1
626,1,1,19,10,5,3,5,16,8,3,2,2,0,0
627,0,0,10,19,3,5,16,5,3,8,2,2,0,0
628,1,1,13,11,4,7,14,12,8,4,1,2,1,0
629,5,0,11,13,7,4,12,14,4,8,2,1,0,1
630,2,1,22,7,11,6,9,16,8,2,3,5,1,0
631,2,0,7,22,6,11,16,9,2,8,5,3,0,1
632,2,1,15,7,3,4,13,20,6,1,2,7,0,1
633,2,0,7,15,4,3,20,13,1,6,7,2,1,0
634,2,1,19,20,10,9,5,18,8,4,1,1,0,0
635,6,0,20,19,9,10,18,5,4,8,1,1,0,0
636,0,1,11,12,1,2,12,12,8,6,4,1,0,1
637,0,0,12,11,2,1,12,12,6,8,1,4,1,0
638,3,1,17,8,5,1,1,14,4,3,0,2,0,0
639,0,0,8,17,1,5,14,1,3,4,2,0,0,0
640,1,1,9,8,5,1,8,8,4,3,2,2,0,0
641,0,0,8,9,1,5,8,8,3,4,2,2,0,0
642,2,1,16,11,6,6,12,18,8,5,4,3,0,0
643,2,0,11,16,6,6,18,12,5,8,3,4,0,0
644,0,1,12,19,2,6,3,14,6,4,1,1,0,0
645,3,0,19,12,6,2,14,3,4,6,1,1,0,0
646,2,1,10,9,6,5,15,11,4,5,4,2,0,0
647,1,0,9,10,5,6,11,15,5,4,2,4,0,0
648,3,1,16,21,7,3,16,12,5,6,3,4,0,0
649,0,0,21,16,3,7,12,16,6,5,4,3,0,0
650,1,1,14,9,5,3,18,7,0,2,1,3,0,0
651,1,0,9,14,3,5,7,18,2,0,3,1,0,0
652,1,1,15,13,2,5,8,22,5,7,4,2,0,0
653,1,0,13,15,5,2,22,8,7,5,2,4,0,0
654,0,1,8,14,2,6,17,14,5,1,1,3,0,0
655,1,0,14,8,6,2,14,17,1,5,3,1,0,0
656,2,1,20,9,6,4,17,10,8,6,1,4,0,1
657,1,0,9,20,4,6,10,17,6,8,4,1,1,0
658,2,1,11,12,5,5,13,16,5,3,3,3,0,0
659,2,0,12,11,5,5,16,13,3,5,3,3,0,0
660,1,1,20,8,8,2,9,18,4,3,3,3,0,0
661,1,0,8,20,2,8,18,9,3,4,3,3,0,0
662,1,1,15,7,2,5,16,9,6,3,2,3,0,0
663,3,0,7,15,5,2,9,16,3,6,3,2,0,0
664,0,1,15,8,6,3,7,17,8,6,3,4,0,0
665,0,0,8,15,3,6,17,7,6,8,4,3,0,0
666,0,1,10,9,5,2,13,18,3,0,3,5,0,0
667,1,0,9,10,2,5,18,13,0,3,5,3,0,0
668,1,1,17,11,4,5,7,10,7,1,0,4,0,0
669,0,0,11,17,5,4,10,7,1,7,4,0,0,0
670,1,1,13,14,6,4,14,14,5,5,4,2,0,0
671,1,0,14,13,4,6,14,14,5,5,2,4,0,0
672,2,1,14,14,4,2,22,19,9,4,7,1,0,0
673,1,0,14,14,2,4,19,22,4,9,1,7,0,0
674,0,1,27,9,7,3,17,12,7,2,3,3,0,0
675,1,0,9,27,3,7,12,17,2,7,3,3,0,0
676,1,1,8,12,2,4,13,15,3,9,2,2,0,0
677,1,0,12,8,4,2,15,13,9,3,2,2,0,0
678,1,1,13,6,5,3,15,19,11,0,6,5,0,0
679,3,0,6,13,3,5,19,15,0,11,5,6,0,0
680,1,1,8,13,4,6,20,10,4,3,1,0,0,0
681,0,0,13,8,6,4,10,20,3,4,0,1,0,0
682,0,1,15,12,4,3,17,18,10,2,4,5,1,0
683,1,0,12,15,3,4,18,17,2,10,5,4,0,1
684,2,1,10,12,3,4,9,17,4,9,3,6,0,0
685,3,0,12,10,4,3,17,9,9,4,6,3,0,0
686,1,1,13,6,4,2,12,12,6,4,1,4,0,1
687,0,0,6,13,2,4,12,12,4,6,4,1,1,0
688,1,1,13,5,5,0,16,10,6,4,5,3,0,0
689,0,0,5,13,0,5,10,16,4,6,3,5,0,0
690,3,1,28,13,12,6,13,8,10,3,3,2,0,0
691,1,0,13,28,6,12,8,13,3,10,2,3,0,0
692,2,1,12,13,3,5,14,9,8,8,3,4,0,1
693,1,0,13,12,5,3,9,14,8,8,4,3,1,0
694,1,1,10,10,3,5,11,6,5,2,2,2,0,0
695,1,0,10,10,5,3,6,11,2,5,2,2,0,0
696,1,1,9,11,3,1,9,13,6,2,1,2,0,0
697,0,0,11,9,1,3,13,9,2,6,2,1,0,0
698,0,1,19,9,9,2,9,12,6,2,2,3,0,0
699,1,0,9,19,2,9,12,9,2,6,3,2,0,0
700,4,1,23,19,9,7,10,16,5,7,0,1,0,0
701,2,0,19,23,7,9,16,10,7,5,1,0,0,0
702,1,1,34,6,12,2,10,19,15,1,1,2,0,0
703,2,0,6,34,2,12,19,10,1,15,2,1,0,0
704,1,1,18,7,4,5,9,13,10,1,1,2,0,0
705,1,0,7,18,5,4,13,9,1,10,2,1,0,0
706,1,1,18,15,6,4,16,9,8,7,3,1,0,0
707,1,0,15,18,4,6,9,16,7,8,1,3,0,0
708,0,1,20,6,4,2,7,10,9,6,0,4,0,0
709,1,0,6,20,2,4,10,7,6,9,4,0,0,0
710,1,1,18,6,6,3,7,13,8,2,2,3,0,0
711,1,0,6,18,3,6,13,7,2,8,3,2,0,0
712,0,1,10,6,2,2,21,14,6,4,3,3,0,0
713,2,0,6,10,2,2,14,21,4,6,3,3,0,0
714,1,1,10,5,3,2,14,25,6,2,5,5,1,0
715,2,0,5,10,2,3,25,14,2,6,5,5,0,1
716,0,1,14,12,8,2,14,15,7,6,3,1,0,0
717,0,0,12,14,2,8,15,14,6,7,1,3,0,0
718,1,1,11,12,3,4,14,9,5,4,1,1,0,0
719,1,0,12,11,4,3,9,14,4,5,1,1,0,0
720,1,1,15,11,2,4,16,16,5,2,4,2,0,0
721,1,0,11,15,4,2,16,16,2,5,2,4,0,0
722,0,1,13,11,2,3,25,22,5,2,2,5,0,0
723,0,0,11,13,3,2,22,25,2,5,5,2,0,0
724,2,1,14,7,4,0,10,7,10,1,2,1,0,0
725,0,0,7,14,0,4,7,10,1,10,1,2,0,0
726,4,1,10,17,6,5,9,8,2,8,0,0,0,0
727,0,0,17,10,5,6,8,9,8,2,0,0,0,0
728,2,1,14,14,6,5,11,16,4,7,1,3,1,0
729,1,0,14,14,5,6,16,11,7,4,3,1,0,1
730,2,1,9,21,4,6,12,14,3,2,2,2,0,0
731,0,0,21,9,6,4,14,12,2,3,2,2,0,0
732,2,1,19,9,6,2,9,11,8,4,1,1,0,0
733,1,0,9,19,2,6,11,9,4,8,1,1,0,0
734,5,1,13,15,8,4,17,14,4,2,2,2,0,0
735,1,0,15,13,4,8,14,17,2,4,2,2,0,0
736,2,1,16,7,7,3,9,14,5,4,1,2,0,0
737,0,0,7,16,3,7,14,9,4,5,2,1,0,0
738,2,1,15,11,4,2,9,14,4,2,2,3,0,0
739,1,0,11,15,2,4,14,9,2,4,3,2,0,0
740,1,1,8,9,3,4,18,12,4,7,4,2,0,0
741,1,0,9,8,4,3,12,18,7,4,2,4,0,0
742,2,1,16,12,7,2,14,7,8,6,1,0,0,0
743,0,0,12,16,2,7,7,14,6,8,0,1,0,0
744,0,1,27,5,9,3,14,13,11,2,4,4,0,0
745,1,0,5,27,3,9,13,14,2,11,4,4,0,0
746,2,1,11,9,5,5,23,11,3,1,4,2,0,0
747,3,0,9,11,5,5,11,23,1,3,2,4,0,0
748,3,1,14,14,6,7,12,11,4,4,4,2,0,0
749,3,0,14,14,7,6,11,12,4,4,2,4,0,0
750,2,1,23,9,8,3,11,7,13,1,4,0,1,1
751,1,0,9,23,3,8,7,11,1,13,0,4,1,1
752,1,1,18,8,7,2,18,13,10,2,5,3,0,0
753,1,0,8,18,2,7,13,18,2,10,3,5,0,0
754,0,1,10,8,1,1,8,17,7,7,1,3,0,0
755,0,0,8,10,1,1,17,8,7,7,3,1,0,0
756,1,1,23,13,4,2,14,10,5,4,3,3,0,0
757,1,0,13,23,2,4,10,14,4,5,3,3,0,0
758,1,1,8,10,3,2,15,13,2,1,1,3,0,0
759,0,0,10,8,2,3,13,15,1,2,3,1,0,0
760,1,1,17,15,2,4,17,12,6,4,6,1,0,0
761,3,0,15,17,4,2,12,17,4,6,1,6,0,0
762,3,1,9,6,3,5,8,15,12,2,5,4,0,1
763,2,0,6,9,5,3,15,8,2,12,4,5,1,0
764,0,1,17,7,3,3,23,8,6,4,3,3,1,0
765,1,0,7,17,3,3,8,23,4,6,3,3,0,1
766,0,1,5,10,0,1,13,13,0,6,1,4,0,0
767,0,0,10,5,1,0,13,13,6,0,4,1,0,0
768,0,1,9,16,1,6,16,15,4,4,2,4,0,1
769,0,0,16,9,6,1,15,16,4,4,4,2,1,0
770,2,1,13,9,5,2,20,13,5,4,3,4,0,0
771,1,0,9,13,2,5,13,20,4,5,4,3,0,0
772,3,1,20,15,5,8,13,11,10,5,4,2,1,0
773,4,0,15,20,8,5,11,13,5,10,2,4,0,1
774,2,1,15,14,4,5,19,13,5,1,4,2,1,0
775,4,0,14,15,5,4,13,19,1,5,2,4,0,1
776,2,1,23,15,10,7,18,10,6,3,4,2,0,0
777,1,0,15,23,7,10,10,18,3,6,2,4,0,0
778,2,1,15,11,7,5,7,12,8,4,1,3,0,1
779,2,0,11,15,5,7,12,7,4,8,3,1,1,0
780,1,1,13,7,6,2,10,13,5,3,2,4,0,0
781,0,0,7,13,2,6,13,10,3,5,4,2,0,0
782,1,1,3,8,1,2,19,12,2,8,5,3,0,0
783,1,0,8,3,2,1,12,19,8,2,3,5,0,0
784,3,1,14,9,8,3,17,8,5,4,2,1,0,0
785,0,0,9,14,3,8,8,17,4,5,1,2,0,0
786,2,1,32,5,12,3,11,8,7,2,4,3,1,0
787,2,0,5,32,3,12,8,11,2,7,3,4,0,1
788,3,1,13,13,10,3,15,14,6,5,2,4,0,1
789,0,0,13,13,3,10,14,15,5,6,4,2,1,0
790,1,1,8,15,4,2,10,12,2,2,5,4,0,0
791,1,0,15,8,2,4,12,10,2,2,4,5,0,0
792,1,1,18,16,10,11,16,14,8,3,3,4,0,0
793,3,0,16,18,11,10,14,16,3,8,4,3,0,0
794,1,1,17,13,9,5,15,15,8,6,3,3,0,0
795,0,0,13,17,5,9,15,15,6,8,3,3,0,0
796,2,1,13,13,8,6,15,13,5,4,2,1,0,0
797,1,0,13,13,6,8,13,15,4,5,1,2,0,0
798,2,1,15,6,8,2,12,14,6,2,2,2,0,0
799,1,0,6,15,2,8,14,12,2,6,2,2,0,0
800,1,1,5,13,2,5,15,12,1,4,5,3,0,0
801,0,0,13,5,5,2,12,15,4,1,3,5,0,0
802,2,1,12,8,5,3,14,14,4,4,2,3,0,0
803,0,0,8,12,3,5,14,14,4,4,3,2,0,0
804,3,1,14,8,5,2,17,16,7,4,3,2,0,0
805,0,0,8,14,2,5,16,17,4,7,2,3,0,0
806,2,1,13,7,3,2,11,10,2,2,1,3,0,0
807,0,0,7,13,2,3,10,11,2,2,3,1,0,0
808,2,1,20,14,6,5,5,13,6,5,0,3,0,0
809,4,0,14,20,5,6,13,5,5,6,3,0,0,0
810,1,1,11,14,3,3,21,14,2,5,3,3,0,0
811,1,0,14,11,3,3,14,21,5,2,3,3,0,0
812,2,1,16,12,7,2,9,17,11,1,2,4,0,0
813,0,0,12,16,2,7,17,9,1,11,4,2,0,0
814,1,1,6,6,4,4,18,18,6,4,4,2,0,0
815,0,0,6,6,4,4,18,18,4,6,2,4,0,0
816,1,1,13,17,3,3,8,16,2,9,0,5,0,0
817,1,0,17,13,3,3,16,8,9,2,5,0,0,0
818,3,1,17,12,7,3,11,15,2,6,3,5,0,1
819,0,0,12,17,3,7,15,11,6,2,5,3,1,0
820,1,1,17,6,5,2,12,13,7,2,1,2,1,0
821,1,0,6,17,2,5,13,12,2,7,2,1,0,1
822,3,1,12,13,5,3,20,15,5,5,5,4,0,0
823,0,0,13,12,3,5,15,20,5,5,4,5,0,0
824,0,1,15,17,3,9,16,10,11,4,1,0,0,0
825,4,0,17,15,9,3,10,16,4,11,0,1,0,0
826,1,1,16,11,6,3,13,17,6,4,0,4,0,0
827,1,0,11,16,3,6,17,13,4,6,4,0,0,0
828,2,1,13,14,3,7,12,10,6,1,3,3,0,0
829,3,0,14,13,7,3,10,12,1,6,3,3,0,0
830,2,1,8,12,3,3,13,20,2,9,2,3,0,0
831,0,0,12,8,3,3,20,13,9,2,3,2,0,0
832,4,1,32,14,7,5,11,7,12,3,2,2,0,0
833,4,0,14,32,5,7,7,11,3,12,2,2,0,0
834,0,1,11,5,4,4,12,10,11,6,2,2,0,0
835,1,0,5,11,4,4,10,12,6,11,2,2,0,0
836,1,1,23,10,5,6,9,16,11,6,2,2,0,0
837,2,0,10,23,6,5,16,9,6,11,2,2,0,0
838,1,1,25,3,10,1,17,15,11,0,3,1,0,0
839,0,0,3,25,1,10,15,17,0,11,1,3,0,0
840,0,1,15,5,2,2,11,11,10,0,3,3,0,0
841,0,0,5,15,2,2,11,11,0,10,3,3,0,0
842,1,1,18,11,6,4,11,15,4,2,0,1,0,0
843,1,0,11,18,4,6,15,11,2,4,1,0,0,0
844,1,1,9,9,2,4,24,14,2,3,3,4,0,0
845,0,0,9,9,4,2,14,24,3,2,4,3,0,0
846,1,1,9,11,4,3,15,18,4,4,0,3,0,0
847,0,0,11,9,3,4,18,15,4,4,3,0,0,0
848,2,1,8,14,2,5,16,13,9,3,4,1,0,0
849,3,0,14,8,5,2,13,16,3,9,1,4,0,0
850,1,1,10,12,3,5,23,10,0,4,3,4,0,0
851,3,0,12,10,5,3,10,23,4,0,4,3,0,0
852,2,1,30,10,13,5,12,11,13,2,4,5,0,1
853,2,0,10,30,5,13,11,12,2,13,5,4,1,0
854,0,1,20,16,6,9,12,9,15,3,2,3,1,0
855,5,0,16,20,9,6,9,12,3,15,3,2,0,1
856,2,1,17,8,5,2,18,12,5,3,2,1,0,0
857,0,0,8,17,2,5,12,18,3,5,1,2,0,0
858,0,1,11,6,2,3,16,13,5,3,2,2,0,0
859,0,0,6,11,3,2,13,16,3,5,2,2,0,0
860,1,1,12,5,4,2,9,13,4,1,1,2,0,0
861,1,0,5,12,2,4,13,9,1,4,2,1,0,0
862,0,1,18,9,4,3,14,11,10,1,2,4,0,0
863,1,0,9,18,3,4,11,14,1,10,4,2,0,0
864,1,1,8,5,3,2,25,12,3,1,3,2,0,0
865,1,0,5,8,2,3,12,25,1,3,2,3,0,0
866,1,1,8,18,5,4,16,13,5,9,1,1,0,0
867,0,0,18,8,4,5,13,16,9,5,1,1,0,0
868,2,1,9,11,5,1,14,15,4,6,0,1,0,0
869,0,0,11,9,1,5,15,14,6,4,1,0,0,0
870,1,1,4,15,2,4,11,13,4,11,2,4,0,0
871,1,0,15,4,4,2,13,11,11,4,4,2,0,0
872,1,1,13,8,4,2,14,9,3,6,3,3,0,1
873,1,0,8,13,2,4,9,14,6,3,3,3,1,0
874,2,1,19,11,8,4,14,15,12,5,7,4,0,0
875,1,0,11,19,4,8,15,14,5,12,4,7,0,0
876,2,1,18,12,8,7,13,10,3,5,2,2,0,0
877,1,0,12,18,7,8,10,13,5,3,2,2,0,0
878,2,1,12,14,4,7,12,13,6,4,2,2,0,0
879,2,0,14,12,7,4,13,12,4,6,2,2,0,0
880,1,1,12,10,1,2,10,17,3,6,2,5,0,1
881,0,0,10,12,2,1,17,10,6,3,5,2,1,0
882,2,1,19,9,8,2,18,16,8,2,3,1,1,0
883,2,0,9,19,2,8,16,18,2,8,1,3,0,1
884,2,1,14,14,5,2,10,13,2,6,3,3,0,0
885,1,0,14,14,2,5,13,10,6,2,3,3,0,0
886,2,1,11,7,6,1,21,7,4,6,3,2,0,0
887,1,0,7,11,1,6,7,21,6,4,2,3,0,0
888,0,1,12,9,5,5,16,23,9,5,0,3,0,0
889,1,0,9,12,5,5,23,16,5,9,3,0,0,0
890,0,1,24,7,6,4,12,17,13,1,0,2,0,0
891,0,0,7,24,4,6,17,12,1,13,2,0,0,0
892,1,1,10,12,2,8,23,12,4,4,4,3,0,0
893,2,0,12,10,8,2,12,23,4,4,3,4,0,0
894,0,1,28,12,8,4,13,13,10,4,5,1,1,0
895,2,0,12,28,4,8,13,13,4,10,1,5,0,1
896,1,1,15,12,5,7,15,11,4,5,5,7,0,0
897,1,0,12,15,7,5,11,15,5,4,7,5,0,0
898,1,1,17,8,3,4,16,21,3,2,2,5,0,0
899,2,0,8,17,4,3,21,16,2,3,5,2,0,0
900,4,1,11,13,8,4,12,8,7,5,4,1,0,0
901,2,0,13,11,4,8,8,12,5,7,1,4,0,0
902,1,1,9,15,4,4,21,14,6,3,4,2,0,0
903,1,0,15,9,4,4,14,21,3,6,2,4,0,0
904,1,1,14,9,7,3,11,9,4,4,3,3,0,0
905,0,0,9,14,3,7,9,11,4,4,3,3,0,0
906,1,1,17,6,5,1,15,18,7,0,2,5,0,0
907,1,0,6,17,1,5,18,15,0,7,5,2,0,0
908,1,1,17,9,6,4,14,13,6,1,5,3,0,0
909,2,0,9,17,4,6,13,14,1,6,3,5,0,0
910,2,1,10,10,3,4,14,14,7,6,4,3,0,0
911,0,0,10,10,4,3,14,14,6,7,3,4,0,0
912,1,1,19,7,5,2,9,17,5,2,0,3,0,0
913,0,0,7,19,2,5,17,9,2,5,3,0,0,0
914,3,1,7,15,6,2,10,12,2,3,2,1,0,0
915,0,0,15,7,2,6,12,10,3,2,1,2,0,0
916,1,1,9,14,2,5,9,13,6,5,2,3,0,0
917,2,0,14,9,5,2,13,9,5,6,3,2,0,0
918,3,1,9,21,4,2,15,12,7,3,7,4,1,0
919,2,0,21,9,2,4,12,15,3,7,4,7,0,1
920,4,1,12,6,5,0,17,18,4,2,0,4,0,0
921,0,0,6,12,0,5,18,17,2,4,4,0,0,0
922,1,1,12,13,4,8,18,12,4,6,4,3,0,0
923,2,0,13,12,8,4,12,18,6,4,3,4,0,0
924,0,1,14,15,3,8,15,13,6,5,2,2,0,0
925,3,0,15,14,8,3,13,15,5,6,2,2,0,0
926,2,1,23,4,6,1,9,14,7,4,2,3,0,0
927,0,0,4,23,1,6,14,9,4,7,3,2,0,0
928,3,1,15,5,7,2,12,18,5,1,3,3,0,0
929,1,0,5,15,2,7,18,12,1,5,3,3,0,0
930,3,1,12,8,5,5,9,12,7,2,2,4,0,0
931,2,0,8,12,5,5,12,9,2,7,4,2,0,0
932,2,1,13,13,4,3,12,18,3,2,6,5,0,0
933,0,0,13,13,3,4,18,12,2,3,5,6,0,0
934,2,1,11,10,4,4,14,10,2,9,2,1,0,0
935,2,0,10,11,4,4,10,14,9,2,1,2,0,0
936,1,1,3,9,1,2,17,13,1,3,4,1,0,0
937,1,0,9,3,2,1,13,17,3,1,1,4,0,0
938,3,1,16,6,9,0,16,10,6,2,2,5,0,0
939,0,0,6,16,0,9,10,16,2,6,5,2,0,0
940,2,1,10,6,6,2,11,26,3,6,2,7,0,2
941,0,0,6,10,2,6,26,11,6,3,7,2,2,0
942,2,1,9,5,3,2,15,14,4,5,2,3,0,0
943,2,0,5,9,2,3,14,15,5,4,3,2,0,0
944,5,1,23,7,9,0,15,13,5,8,2,1,0,0
945,0,0,7,23,0,9,13,15,8,5,1,2,0,0
946,3,1,18,14,9,5,13,8,7,4,1,3,0,0
947,0,0,14,18,5,9,8,13,4,7,3,1,0,0
948,1,1,11,8,2,2,20,6,6,4,4,2,1,0
949,0,0,8,11,2,2,6,20,4,6,2,4,0,1
950,2,1,13,16,6,9,15,17,1,6,3,4,0,1
951,4,0,16,13,9,6,17,15,6,1,4,3,1,0
952,0,1,13,15,5,7,18,12,3,8,5,3,1,0
953,2,0,15,13,7,5,12,18,8,3,3,5,0,1
954,0,1,8,8,1,1,9,22,5,2,0,3,0,0
955,0,0,8,8,1,1,22,9,2,5,3,0,0,0
956,2,1,19,8,7,3,15,19,7,5,2,5,0,1
957,1,0,8,19,3,7,19,15,5,7,5,2,1,0
958,0,1,16,14,1,3,14,19,7,4,2,5,0,0
959,1,0,14,16,3,1,19,14,4,7,5,2,0,0
960,4,1,11,9,7,4,17,11,7,7,6,2,0,0
961,0,0,9,11,4,7,11,17,7,7,2,6,0,0
962,2,1,20,14,8,7,8,5,9,1,3,0,0,0
963,2,0,14,20,7,8,5,8,1,9,0,3,0,0
964,1,1,10,13,4,2,13,12,4,9,4,4,0,0
965,0,0,13,10,2,4,12,13,9,4,4,4,0,0
966,0,1,8,9,4,2,7,15,5,5,4,3,0,0
967,0,0,9,8,2,4,15,7,5,5,3,4,0,0
968,2,1,6,8,2,5,17,13,3,3,1,1,0,0
969,1,0,8,6,5,2,13,17,3,3,1,1,0,0
970,1,1,7,13,3,1,7,21,1,7,4,3,0,0
971,0,0,13,7,1,3,21,7,7,1,3,4,0,0
972,3,1,17,6,5,2,12,9,8,5,2,1,0,0
973,0,0,6,17,2,5,9,12,5,8,1,2,0,0
974,3,1,22,8,8,1,10,12,7,2,0,3,0,0
975,0,0,8,22,1,8,12,10,2,7,3,0,0,0
976,2,1,14,17,5,2,22,16,3,2,4,5,0,0
977,2,0,17,14,2,5,16,22,2,3,5,4,0,0
978,1,1,15,13,6,4,19,10,5,6,6,4,0,1
979,2,0,13,15,4,6,10,19,6,5,4,6,1,0
980,0,1,9,7,3,3,13,18,8,3,3,2,0,0
981,0,0,7,9,3,3,18,13,3,8,2,3,0,0
982,1,1,11,11,2,4,21,16,3,4,7,3,1,0
983,3,0,11,11,4,2,16,21,4,3,3,7,0,1
984,2,1,15,9,5,3,11,19,6,2,0,2,0,0
985,1,0,9,15,3,5,19,11,2,6,2,0,0,0
986,3,1,12,13,6,3,16,13,4,3,3,3,0,1
987,1,0,13,12,3,6,13,16,3,4,3,3,1,0
988,0,1,13,6,7,6,9,18,13,2,3,1,1,0
989,2,0,6,13,6,7,18,9,2,13,1,3,0,1
990,0,1,13,10,5,2,23,10,6,4,4,2,1,0
991,0,0,10,13,2,5,10,23,4,6,2,4,0,1
992,3,1,16,3,4,1,22,11,4,4,4,2,0,1
993,0,0,3,16,1,4,11,22,4,4,2,4,1,0
994,2,1,13,8,4,4,11,7,9,7,4,2,1,0
995,2,0,8,13,4,4,7,11,7,9,2,4,0,1
996,0,1,10,8,4,1,11,18,7,5,2,4,0,0
997,0,0,8,10,1,4,18,11,5,7,4,2,0,0
998,2,1,16,8,4,0,14,18,3,10,3,2,0,0
999,0,0,8,16,0,4,18,14,10,3,2,3,0,0
1000,2,1,11,7,6,4,12,12,3,3,2,2,0,0
1001,2,0,7,11,4,6,12,12,3,3,2,2,0,0
1002,1,1,20,10,8,0,12,18,3,5,1,3,0,0
1003,0,0,10,20,0,8,18,12,5,3,3,1,0,0
1004,1,1,14,14,7,8,12,17,5,7,1,1,1,0
1005,4,0,14,14,8,7,17,12,7,5,1,1,0,1
1006,3,1,15,8,6,3,10,16,4,1,4,2,0,0
1007,0,0,8,15,3,6,16,10,1,4,2,4,0,0
1008,0,1,12,4,6,3,10,14,4,6,0,1,0,0
1009,1,0,4,12,3,6,14,10,6,4,1,0,0,0
1010,1,1,19,6,10,3,10,12,6,3,4,1,0,0
1011,1,0,6,19,3,10,12,10,3,6,1,4,0,0
1012,1,1,19,14,7,6,13,18,7,0,3,2,1,0
1013,2,0,14,19,6,7,18,13,0,7,2,3,0,1
1014,0,1,21,6,1,1,12,10,10,2,2,4,0,1
1015,0,0,6,21,1,1,10,12,2,10,4,2,1,0
1016,3,1,12,21,6,5,7,12,6,4,4,1,0,0
1017,0,0,21,12,5,6,12,7,4,6,1,4,0,0
1018,0,1,12,9,2,4,16,11,3,5,5,1,0,0
1019,1,0,9,12,4,2,11,16,5,3,1,5,0,0
1020,1,1,13,13,2,4,9,16,7,4,2,4,0,0
1021,1,0,13,13,4,2,16,9,4,7,4,2,0,0
1022,0,1,17,8,4,2,15,9,3,4,2,2,0,0
1023,0,0,8,17,2,4,9,15,4,3,2,2,0,0
1024,1,1,9,7,4,2,10,17,10,2,3,4,0,0
1025,0,0,7,9,2,4,17,10,2,10,4,3,0,0
1026,2,1,11,7,2,2,12,13,2,2,2,1,0,0
1027,1,0,7,11,2,2,13,12,2,2,1,2,0,0
1028,2,1,13,17,4,8,15,11,3,8,6,1,0,0
1029,4,0,17,13,8,4,11,15,8,3,1,6,0,0
1030,2,1,15,14,7,3,9,10,6,7,0,3,0,0
1031,0,0,14,15,3,7,10,9,7,6,3,0,0,0
1032,1,1,17,6,6,1,14,10,4,2,5,3,0,0
1033,1,0,6,17,1,6,10,14,2,4,3,5,0,0
1034,1,1,11,19,2,5,17,11,4,6,5,3,1,1
1035,2,0,19,11,5,2,11,17,6,4,3,5,1,1
1036,0,1,10,6,2,3,10,9,13,4,1,2,0,0
1037,2,0,6,10,3,2,9,10,4,13,2,1,0,0
1038,0,1,10,7,3,1,26,15,3,5,4,1,0,0
1039,0,0,7,10,1,3,15,26,5,3,1,4,0,0
1040,0,1,9,12,3,4,17,23,7,1,3,4,1,0
1041,2,0,12,9,4,3,23,17,1,7,4,3,0,1
1042,3,1,15,14,6,3,17,8,5,3,2,2,0,0
1043,1,0,14,15,3,6,8,17,3,5,2,2,0,0
1044,2,1,7,12,3,5,15,16,3,12,5,4,0,0
1045,1,0,12,7,5,3,16,15,12,3,4,5,0,0
1046,0,1,17,10,3,4,16,13,8,6,3,2,0,0
1047,1,0,10,17,4,3,13,16,6,8,2,3,0,0
1048,1,1,9,10,2,2,15,12,8,2,2,3,0,0
1049,2,0,10,9,2,2,12,15,2,8,3,2,0,0
1050,1,1,6,11,2,5,14,14,4,4,2,2,0,0
1051,2,0,11,6,5,2,14,14,4,4,2,2,0,0
1052,1,1,15,3,4,1,14,16,7,0,1,1,0,0
1053,0,0,3,15,1,4,16,14,0,7,1,1,0,0
1054,0,1,19,8,3,3,12,17,7,3,1,4,0,1
1055,2,0,8,19,3,3,17,12,3,7,4,1,1,0
1056,2,1,11,4,3,1,12,13,6,2,0,3,0,0
1057,0,0,4,11,1,3,13,12,2,6,3,0,0,0
1058,1,1,14,15,3,4,15,10,2,2,6,4,0,0
1059,0,0,15,14,4,3,10,15,2,2,4,6,0,0
1060,1,1,15,5,6,2,13,20,7,0,3,5,0,0
1061,1,0,5,15,2,6,20,13,0,7,5,3,0,0
1062,1,1,16,20,3,3,10,18,3,5,1,1,0,0
1063,1,0,20,16,3,3,18,10,5,3,1,1,0,0
1064,1,1,13,3,4,2,9,7,4,4,2,2,0,0
1065,0,0,3,13,2,4,7,9,4,4,2,2,0,0
1066,3,1,12,8,6,1,12,17,10,4,1,2,0,0
1067,1,0,8,12,1,6,17,12,4,10,2,1,0,0
1068,2,1,14,8,6,1,14,17,13,1,0,4,0,0
1069,1,0,8,14,1,6,17,14,1,13,4,0,0,0
1070,0,1,7,14,1,4,17,16,4,4,3,0,0,0
1071,1,0,14,7,4,1,16,17,4,4,0,3,0,0
1072,2,1,18,11,8,6,13,10,6,1,1,4,0,1
1073,3,0,11,18,6,8,10,13,1,6,4,1,1,0
1074,0,1,11,13,3,5,8,21,8,2,3,5,0,0
1075,2,0,13,11,5,3,21,8,2,8,5,3,0,0
1076,5,1,22,9,11,2,12,13,7,2,2,2,0,0
1077,2,0,9,22,2,11,13,12,2,7,2,2,0,0
1078,1,1,10,15,2,6,14,12,5,12,1,6,0,1
1079,4,0,15,10,6,2,12,14,12,5,6,1,1,0
1080,1,1,22,8,7,3,10,12,5,3,2,2,0,0
1081,1,0,8,22,3,7,12,10,3,5,2,2,0,0
1082,2,1,9,9,5,2,12,4,1,7,3,1,0,0
1083,0,0,9,9,2,5,4,12,7,1,1,3,0,0
1084,1,1,7,12,2,5,21,23,2,2,1,3,0,0
1085,3,0,12,7,5,2,23,21,2,2,3,1,0,0
1086,0,1,12,8,3,4,20,6,6,2,8,1,0,0
1087,2,0,8,12,4,3,6,20,2,6,1,8,0,0
1088,2,1,22,6,7,1,15,8,9,2,1,0,0,0
1089,0,0,6,22,1,7,8,15,2,9,0,1,0,0
1090,1,1,13,16,3,9,10,11,3,7,1,2,0,0
1091,4,0,16,13,9,3,11,10,7,3,2,1,0,0
1092,1,1,15,8,3,3,16,14,5,0,4,2,0,0
1093,2,0,8,15,3,3,14,16,0,5,2,4,0,0
1094,0,1,13,12,3,3,11,14,6,5,3,4,1,1
1095,1,0,12,13,3,3,14,11,5,6,4,3,1,1
1096,0,1,8,9,2,1,13,22,3,5,3,4,0,0
1097,0,0,9,8,1,2,22,13,5,3,4,3,0,0
1098,3,1,12,7,4,3,16,7,5,5,3,3,0,0
1099,1,0,7,12,3,4,7,16,5,5,3,3,0,0
1100,1,1,6,8,2,5,18,18,3,3,2,4,0,0
1101,2,0,8,6,5,2,18,18,3,3,4,2,0,0
1102,0,1,14,11,4,7,10,8,9,2,2,2,0,0
1103,4,0,11,14,7,4,8,10,2,9,2,2,0,0
1104,2,1,13,4,3,2,15,14,5,2,0,4,0,0
1105,0,0,4,13,2,3,14,15,2,5,4,0,0,0
1106,3,1,15,14,6,5,7,8,10,7,1,3,0,0
1107,2,0,14,15,5,6,8,7,7,10,3,1,0,0
1108,0,1,9,7,2,3,15,25,3,4,5,2,0,0
1109,2,0,7,9,3,2,25,15,4,3,2,5,0,0
1110,2,1,7,17,2,3,9,12,6,7,2,1,0,0
1111,2,0,17,7,3,2,12,9,7,6,1,2,0,0
1112,3,1,16,16,8,3,9,18,4,6,1,3,0,0
1113,2,0,16,16,3,8,18,9,6,4,3,1,0,0
1114,0,1,17,4,5,2,18,9,5,3,3,1,0,0
1115,1,0,4,17,2,5,9,18,3,5,1,3,0,0
1116,1,1,10,10,4,1,18,8,7,5,4,1,0,0
1117,1,0,10,10,1,4,8,18,5,7,1,4,0,0
1118,1,1,20,7,5,2,22,9,6,3,5,3,1,0
1119,1,0,7,20,2,5,9,22,3,6,3,5,0,1
1120,2,1,17,12,7,4,10,9,4,3,1,0,0,0
1121,0,0,12,17,4,7,9,10,3,4,0,1,0,0
1122,1,1,9,13,3,3,14,14,5,4,4,3,0,0
1123,1,0,13,9,3,3,14,14,4,5,3,4,0,0
1124,4,1,16,15,9,9,10,10,5,3,4,7,1,0
1125,4,0,15,16,9,9,10,10,3,5,7,4,0,1
1126,3,1,14,11,7,6,13,14,2,9,3,7,0,1
1127,2,0,11,14,6,7,14,13,9,2,7,3,1,0
1128,2,1,12,13,6,2,14,9,2,6,2,2,0,0
1129,1,0,13,12,2,6,9,14,6,2,2,2,0,0
1130,3,1,23,11,7,5,9,12,5,0,2,3,0,0
1131,3,0,11,23,5,7,12,9,0,5,3,2,0,0
1132,2,1,11,15,4,5,9,13,6,6,2,2,0,0
1133,1,0,15,11,5,4,13,9,6,6,2,2,0,0
1134,1,1,18,8,2,1,13,11,3,4,2,2,0,0
1135,0,0,8,18,1,2,11,13,4,3,2,2,0,0
1136,2,1,18,5,5,2,13,19,11,1,3,4,0,0
1137,0,0,5,18,2,5,19,13,1,11,4,3,0,0
1138,2,1,15,11,7,6,12,13,3,6,2,3,0,0
1139,1,0,11,15,6,7,13,12,6,3,3,2,0,0
1140,2,1,21,9,10,2,14,12,5,1,3,4,0,1
1141,0,0,9,21,2,10,12,14,1,5,4,3,1,0
1142,1,1,14,9,5,2,23,20,1,4,5,2,0,0
1143,2,0,9,14,2,5,20,23,4,1,2,5,0,0
1144,2,1,13,3,7,1,9,15,5,4,0,1,0,0
1145,1,0,3,13,1,7,15,9,4,5,1,0,0,0
1146,2,1,15,12,5,3,17,10,4,7,2,3,0,0
1147,0,0,12,15,3,5,10,17,7,4,3,2,0,0
1148,1,1,6,9,1,5,17,15,3,3,6,4,0,0
1149,1,0,9,6,5,1,15,17,3,3,4,6,0,0
1150,2,1,17,10,7,4,15,14,4,3,4,4,0,0
1151,1,0,10,17,4,7,14,15,3,4,4,4,0,0
1152,3,1,11,14,4,7,16,11,2,7,2,1,0,1
1153,1,0,14,11,7,4,11,16,7,2,1,2,1,0
1154,1,1,6,9,2,1,16,18,1,2,2,1,0,0
1155,0,0,9,6,1,2,18,16,2,1,1,2,0,0
1156,2,1,14,17,8,4,22,12,9,1,2,4,0,0
1157,2,0,17,14,4,8,12,22,1,9,4,2,0,0
1158,0,1,10,16,5,4,17,12,6,7,3,3,0,0
1159,2,0,16,10,4,5,12,17,7,6,3,3,0,0
1160,2,1,11,10,5,3,9,15,1,2,2,2,0,0
1161,0,0,10,11,3,5,15,9,2,1,2,2,0,0
1162,2,1,6,14,2,3,12,17,4,8,3,2,0,0
1163,1,0,14,6,3,2,17,12,8,4,2,3,0,0
1164,0,1,6,10,1,2,18,13,6,5,1,2,0,0
1165,0,0,10,6,2,1,13,18,5,6,2,1,0,0
1166,3,1,11,12,5,7,18,8,5,4,6,3,0,0
1167,2,0,12,11,7,5,8,18,4,5,3,6,0,0
1168,3,1,15,8,9,4,10,16,3,6,1,3,0,1
1169,2,0,8,15,4,9,16,10,6,3,3,1,1,0
1170,0,1,14,17,5,6,12,11,9,5,2,5,0,0
1171,1,0,17,14,6,5,11,12,5,9,5,2,0,0
1172,1,1,3,17,2,2,15,18,0,3,2,2,0,0
1173,1,0,17,3,2,2,18,15,3,0,2,2,0,0
1174,3,1,23,6,6,3,12,19,8,3,2,2,0,0
1175,1,0,6,23,3,6,19,12,3,8,2,2,0,0
1176,2,1,8,8,4,3,22,18,5,3,4,4,0,1
1177,2,0,8,8,3,4,18,22,3,5,4,4,1,0
1178,1,1,5,13,2,6,11,12,1,5,0,3,0,0
1179,1,0,13,5,6,2,12,11,5,1,3,0,0,0
1180,2,1,10,12,4,7,17,16,5,7,3,5,0,0
1181,2,0,12,10,7,4,16,17,7,5,5,3,0,0
1182,2,1,11,9,4,2,10,12,4,2,0,1,0,0
1183,1,0,9,11,2,4,12,10,2,4,1,0,0,0
1184,2,1,13,9,8,1,7,10,5,1,2,1,0,0
1185,1,0,9,13,1,8,10,7,1,5,1,2,0,0
1186,0,1,10,8,2,4,11,12,5,8,3,1,0,0
1187,1,0,8,10,4,2,12,11,8,5,1,3,0,0
1188,0,1,16,10,3,3,12,10,8,3,4,2,0,0
1189,0,0,10,16,3,3,10,12,3,8,2,4,0,0
1190,1,1,23,4,7,3,19,13,8,2,4,2,0,1
1191,2,0,4,23,3,7,13,19,2,8,2,4,1,0
1192,3,1,10,12,3,2,19,15,2,7,3,6,1,1
1193,0,0,12,10,2,3,15,19,7,2,6,3,1,1
1194,2,1,19,14,5,7,13,15,12,7,4,1,1,0
1195,2,0,14,19,7,5,15,13,7,12,1,4,0,1
1196,3,1,11,5,4,3,12,16,8,2,2,4,0,0
1197,0,0,5,11,3,4,16,12,2,8,4,2,0,0
1198,2,1,11,6,5,2,12,15,7,4,2,1,0,0
1199,1,0,6,11,2,5,15,12,4,7,1,2,0,0
1200,0,1,6,17,1,6,19,9,1,4,3,1,0,0
1201,2,0,17,6,6,1,9,19,4,1,1,3,0,0
1202,2,1,12,7,3,4,16,16,5,3,4,1,0,0
1203,0,0,7,12,4,3,16,16,3,5,1,4,0,0
1204,1,1,13,6,4,0,17,17,4,5,4,3,0,0
1205,0,0,6,13,0,4,17,17,5,4,3,4,0,0
1206,3,1,14,12,6,4,17,13,4,3,3,3,0,0
1207,2,0,12,14,4,6,13,17,3,4,3,3,0,0
1208,1,1,9,18,2,6,15,8,2,4,2,1,0,0
1209,1,0,18,9,6,2,8,15,4,2,1,2,0,0
1210,0,1,14,3,1,2,11,14,2,2,1,2,0,0
1211,1,0,3,14,2,1,14,11,2,2,2,1,0,0
1212,4,1,6,7,4,2,9,15,3,4,2,3,0,0
1213,0,0,7,6,2,4,15,9,4,3,3,2,0,0
1214,0,1,9,12,5,4,17,15,9,4,1,3,0,0
1215,0,0,12,9,4,5,15,17,4,9,3,1,0,0
1216,5,1,20,12,11,3,10,12,5,4,1,2,0,0
1217,0,0,12,20,3,11,12,10,4,5,2,1,0,0
1218,0,1,13,8,2,3,11,14,6,3,2,3,0,0
1219,1,0,8,13,3,2,14,11,3,6,3,2,0,0
1220,1,1,14,14,1,3,14,17,8,6,2,2,0,0
1221,1,0,14,14,3,1,17,14,6,8,2,2,0,0
1222,1,1,13,13,1,4,19,12,7,3,4,2,0,0
1223,0,0,13,13,4,1,12,19,3,7,2,4,0,0
1224,1,1,23,7,12,2,17,12,6,3,4,3,0,0
1225,0,0,7,23,2,12,12,17,3,6,3,4,0,0
1226,0,1,10,8,1,2,16,5,4,6,1,0,0,0
1227,0,0,8,10,2,1,5,16,6,4,0,1,0,0
1228,1,1,15,7,4,3,12,18,3,6,1,2,0,1
1229,0,0,7,15,3,4,18,12,6,3,2,1,1,0
1230,2,1,11,12,7,3,17,14,5,7,2,3,0,0
1231,1,0,12,11,3,7,14,17,7,5,3,2,0,0
1232,0,1,7,13,2,3,10,15,7,6,2,3,0,0
1233,1,0,13,7,3,2,15,10,6,7,3,2,0,0
1234,1,1,11,9,5,3,21,6,6,6,2,5,0,0
1235,0,0,9,11,3,5,6,21,6,6,5,2,0,0
1236,1,1,18,13,5,3,15,22,0,1,5,2,0,1
1237,1,0,13,18,3,5,22,15,1,0,2,5,1,0
1238,1,1,18,10,5,4,16,14,6,5,4,1,0,0
1239,1,0,10,18,4,5,14,16,5,6,1,4,0,0
1240,0,1,7,9,3,5,11,23,3,4,1,1,0,0
1241,3,0,9,7,5,3,23,11,4,3,1,1,0,0
1242,0,1,17,9,6,2,7,22,13,6,1,3,0,0
1243,1,0,9,17,2,6,22,7,6,13,3,1,0,0
1244,2,1,14,8,6,1,11,13,11,1,1,5,0,0
1245,0,0,8,14,1,6,13,11,1,11,5,1,0,0
1246,3,1,11,11,5,3,11,14,5,6,1,2,0,0
1247,0,0,11,11,3,5,14,11,6,5,2,1,0,0
1248,4,1,12,20,7,3,17,12,6,7,1,4,0,1
1249,1,0,20,12,3,7,12,17,7,6,4,1,1,0
1250,1,1,14,12,6,6,15,7,11,8,3,2,0,0
1251,0,0,12,14,6,6,7,15,8,11,2,3,0,0
1252,2,1,13,4,8,2,15,13,1,3,3,3,0,1
1253,0,0,4,13,2,8,13,15,3,1,3,3,1,0
1254,2,1,24,10,4,7,10,9,7,5,2,1,0,0
1255,6,0,10,24,7,4,9,10,5,7,1,2,0,0
1256,3,1,24,15,11,7,9,14,8,3,0,3,0,0
1257,2,0,15,24,7,11,14,9,3,8,3,0,0,0
1258,1,1,10,9,3,1,14,22,1,3,5,5,0,0
1259,0,0,9,10,1,3,22,14,3,1,5,5,0,0
1260,3,1,8,3,4,2,16,18,3,3,4,3,0,0
1261,1,0,3,8,2,4,18,16,3,3,3,4,0,0
1262,1,1,11,11,4,5,16,12,5,7,5,4,0,0
1263,1,0,11,11,5,4,12,16,7,5,4,5,0,0
1264,2,1,13,11,8,0,9,13,4,3,1,3,0,0
1265,0,0,11,13,0,8,13,9,3,4,3,1,0,0
1266,2,1,17,9,8,2,13,15,9,2,3,5,0,1
1267,1,0,9,17,2,8,15,13,2,9,5,3,1,0
1268,1,1,14,6,6,2,15,16,9,2,2,3,0,0
1269,2,0,6,14,2,6,16,15,2,9,3,2,0,0
1270,0,1,11,19,4,7,11,9,6,7,4,1,1,0
1271,2,0,19,11,7,4,9,11,7,6,1,4,0,1
1272,3,1,19,6,7,2,12,16,5,2,1,2,0,1
1273,1,0,6,19,2,7,16,12,2,5,2,1,1,0
1274,3,1,10,10,4,3,9,14,7,4,2,5,0,0
1275,1,0,10,10,3,4,14,9,4,7,5,2,0,0
1276,1,1,16,9,5,6,13,9,4,2,2,2,0,0
1277,2,0,9,16,6,5,9,13,2,4,2,2,0,0
1278,1,1,11,4,3,0,11,14,5,3,3,2,0,0
1279,0,0,4,11,0,3,14,11,3,5,2,3,0,0
1280,2,1,14,13,7,4,13,10,6,4,3,3,0,0
1281,1,0,13,14,4,7,10,13,4,6,3,3,0,0
1282,2,1,14,11,5,4,16,20,3,5,0,4,0,0
1283,2,0,11,14,4,5,20,16,5,3,4,0,0,0
1284,2,1,9,11,4,2,13,13,4,5,3,2,0,0
1285,0,0,11,9,2,4,13,13,5,4,2,3,0,0
1286,2,1,17,8,5,4,16,20,6,4,2,3,0,0
1287,2,0,8,17,4,5,20,16,4,6,3,2,0,0
1288,2,1,15,9,6,1,18,12,4,6,0,1,0,0
1289,1,0,9,15,1,6,12,18,6,4,1,0,0,0
1290,2,1,17,17,7,8,9,7,6,4,0,1,0,1
1291,2,0,17,17,8,7,7,9,4,6,1,0,1,0
1292,2,1,9,9,3,1,14,19,2,3,4,2,0,0
1293,0,0,9,9,1,3,19,14,3,2,2,4,0,0
1294,0,1,19,9,4,6,12,10,8,2,1,3,0,0
1295,2,0,9,19,6,4,10,12,2,8,3,1,0,0
1296,2,1,15,6,8,3,11,3,5,2,4,2,0,0
1297,2,0,6,15,3,8,3,11,2,5,2,4,0,0
1298,0,1,9,9,2,7,17,11,1,5,4,1,0,0
1299,2,0,9,9,7,2,11,17,5,1,1,4,0,0
